{
  "recepies": [
    {
      "id": "jag är unik",
      "drink_name": "pärondrink",
      "picture": "länk till bild",
      "description": "",
      "spirit": "Vodka",
      "taste": "god",
      "color": "",
      "ingridients": [
        {
          "ingridient_name": "Vatten",
          "quantity": "2",
          "measurement": "cl"
        },
        {
          "ingridient_name": "Vatten",
          "quantity": "2",
          "measurement": "cl"
        }
      ],
      "instructions": [
        { "step": "Gör såhär..." },
        { "step": "Gör såhär..." }
      ]
    }
  ]
}
          