
{
  "recepies": [
    {
      "id": "jag är unik",
      "drink_name": "Rhububble",
      "picture": "https://cdn-0.drinkoteket.se/wp-content/uploads/rhububble-860x860.jpg",
      "description": "Rhububble är en läskande bubbeldrink med relativt låg alkoholhalt. Den passar perfekt som fördrink eller välkomstdrink.",
      "spirits": [ "Champagne" ],
      "taste": "Fruktig",
      "color": "Gul",
      "ingridients": [
        {
          "ingridient_name": "Rabarbersockerlag",
          "quantity": "3",
          "measurement": "cl"
        },
        {
          "ingridient_name": "Citronjuice",
          "quantity": "2",
          "measurement": "cl"
        },
        {
          "ingridient_name": "Champagne",
          "quantity": "10",
          "measurement": "cl"
        }
      ],
      "instructions": [
        { "step": "Börja med att göra rabarbersockerlag." },
        { "step": "Kyl gärna glaset i frysen i någon timme före servering." },
        { "step": "Häll alla ingredienser i glaset och rör om lite lätt." },
        { "step": "Garnera med rabarber." }
      ]
    },

    {
      "id": "jag är unik",
      "drink_name": "Raspberry Bellini",
      "picture": "https://cdn-0.drinkoteket.se/wp-content/uploads/raspberry-bellini-860x860.jpg",
      "description": "Raspberry Bellini är en frisk och fruktig champagnedrink. Den passar väldigt bra som fördrink eller välkomstdrink.",
      "spirits": [ "Champange", "Likör" ],
      "taste": "Fruktig",
      "color": "Rosa",
      "ingridients": [
        {
          "ingridient_name": "Hallonlikör",
          "quantity": "1",
          "measurement": "cl"
        },
        {
          "ingridient_name": "Champange",
          "quantity": "",
          "measurement": ""
        },
        {
          "ingridient_name": "Hallon",
          "quantity": "",
          "measurement": ""
        }
      ],
      "instructions": [
        { "step": "Lägg några färska hallon i en lämplig behållare." },
        { "step": "Muddla/mosa dem ordentligt och sila av det till en hallonjuice (utan kärnor)." },
        { "step": "Häll 3 cl hallonjuice i ett glas." },
        { "step": "Tillsätt hallonlikör." },
        { "step": "Fyll upp med lagom mängd prosecco och rör om lite lätt." },
        { "step": "Garnera på valfritt vis." }
      ]
    },
    {
      "id": "jag är unik",
      "drink_name": "Hugo",
      "picture": "https://cdn-0.drinkoteket.se/wp-content/uploads/hugo-860x860.jpg",
      "description": "Hugo är en härligt frisk och god drink. Få drinkar passar bättre en varm sommardag än den här törstsläckaren.",
      "spirits": [ "Champange", "Likör" ],
      "taste": "Fräsch",
      "color": "Vit",
      "ingridients": [
        {
          "ingridient_name": "Champange",
          "quantity": "15",
          "measurement": "cl"
        },
        {
          "ingridient_name": "Fläderlikör",
          "quantity": "4",
          "measurement": "cl"
        },
        {
          "ingridient_name": "Mynta",
          "quantity": "ca. 8",
          "measurement": "st"
        }
      ],
      "instructions": [
        { "step": "Lägg ca. 8 myntablad i ett relativt stort glas på fot." },
        { "step": "Tillsätt fläderlikör." },
        { "step": "Stöt myntan lätt för att frigöra aromerna." },
        { "step": "Fyll glaset med is." },
        { "step": "Tillsätt champange." },
        { "step": "Rör om lätt." },
        { "step": "Garnera med mynta, en limeklyfta och stoppa i ett sugrör." }
      ]
    },
    {
      "id": "jag är unik",
      "drink_name": "Kir Royal",
      "picture": "https://cdn-0.drinkoteket.se/wp-content/uploads/kir-royal-1-860x860.jpg",
      "description": "Kir Royal är en klassisk och enkel champagnedrink. Passar bra som välkomstdrink eller fördrink.",
      "spirits": [ "Champange", "Likör" ],
      "taste": "",
      "color": "Röd",
      "ingridients": [
        {
          "ingridient_name": "Svartvinbärslikör (Crème de Cassis)",
          "quantity": "2",
          "measurement": "cl"
        },
        {
          "ingridient_name": "Champange",
          "quantity": "2",
          "measurement": "cl"
        }
      ],
      "instructions": [
        { "step": "Häll upp svartvinbärslikör i ett champagneglas." },
        { "step": "Fyll upp glaset med champagne." },
        { "step": "Rör om försiktigt och garnera på valfritt sätt." }
      ]
    },
    {
      "id": "jag är unik",
      "drink_name": "Mojito Royal",
      "picture": "Mojito Royal är precis som en vanlig mojito, fast i en lite lyxigare tappning. Här är sodavattnet utbytt mot champagne.",
      "description": "Mojito Royal är precis som en vanlig mojito, fast i en lite lyxigare tappning. Här är sodavattnet utbytt mot champagne.",
      "spirits": [ "Champange", "Rom" ],
      "taste": "god",
      "color": "",
      "ingridients": [
        {
          "ingridient_name": "Ljus rom",
          "quantity": "4",
          "measurement": "cl"
        },
        {
          "ingridient_name": "Limejuice",
          "quantity": "3",
          "measurement": "cl"
        },
        {
          "ingridient_name": "Sockerlag",
          "quantity": "3",
          "measurement": "cl"
        },
        {
          "ingridient_name": "Champange",
          "quantity": "4",
          "measurement": "cl"
        },
        {
          "ingridient_name": "Mynta",
          "quantity": "ca. 12",
          "measurement": "st"
        }
      ],
      "instructions": [
        { "step": "Häll limejuice och sockerlag i ett glas." },
        { "step": "Lägg myntan (ca 12 st blad) i ena handen och klappa ihop med din andra hand för att frigöra aromer. Lägg sedan myntabladen i glaset." },
        { "step": "Stöt myntabladen försiktigt med en muddlare eller något trubbigt redskap. De ska inte muddlas för hårt eller krossas så att de går sönder. Då blir drinken lätt besk." },
        { "step": "Tillsätt rom och fyll lite mer än halva glaset med krossad is." },
        { "step": "Rör om med en sked så att allt blandar sig." },
        { "step": "Tillsätt champagne och fyll resten av glaset med krossad is." },
        { "step": "Garnera." }
      ]
    },
    {
      "id": "jag är unik",
      "drink_name": "Kir Imperial ",
      "picture": "https://cdn-0.drinkoteket.se/wp-content/uploads/kir-imperal-860x860.jpg",
      "description": "Kir Imperial är en enkel och god champagnedrink som fungerar utmärkt som välkomstdrink eller fördrink.",
      "spirits": [ "Champange", "Likör" ],
      "taste": "",
      "color": "Röd",
      "ingridients": [
        {
          "ingridient_name": "Hallonlikör",
          "quantity": "2",
          "measurement": "cl"
        },
        {
          "ingridient_name": "Champange",
          "quantity": "",
          "measurement": ""
        }
      ],
      "instructions": [
        { "step": "Häll hallonlikör i ett glas." },
        { "step": "Fyll upp med champagne och rör om försiktigt." },
        { "step": "Garnera med ett hallon." }
      ]
    },
    {
      "id": "jag är unik",
      "drink_name": "pärondrink",
      "picture": "",
      "description": "",
      "spirits": [ "Vodka", "Gin" ],
      "taste": "god",
      "color": "",
      "ingridients": [
        {
          "ingridient_name": "Vatten",
          "quantity": "2",
          "measurement": "cl"
        },
        {
          "ingridient_name": "Vatten",
          "quantity": "2",
          "measurement": "cl"
        }
      ],
      "instructions": [
        { "step": "Gör såhär..." },
        { "step": "Gör såhär..." }
      ]
    },
    {
      "id": "jag är unik",
      "drink_name": "pärondrink",
      "picture": "",
      "description": "",
      "spirits": [ "Vodka", "Gin" ],
      "taste": "",
      "color": "",
      "ingridients": [
        {
          "ingridient_name": "Vatten",
          "quantity": "2",
          "measurement": "cl"
        },
        {
          "ingridient_name": "Vatten",
          "quantity": "2",
          "measurement": "cl"
        }
      ],
      "instructions": [
        { "step": "Gör såhär..." },
        { "step": "Gör såhär..." }
      ]
    }


  ]
}
           