{
  "id": "",
  "drink_name": "Southside",
  "picture": "https://cdn-0.drinkoteket.se/wp-content/uploads/southside.jpg",
  "description": "Southside är en klassisk och god cocktail med myntasmak. Grunden till drinken är en gin sour med gin, limejuice och sockerlag.",
  "spirit": [ "Gin" ],
  "taste": "Sur",
  "color": "Grön",
  "ingridients": [
    {
      "ingridient_name": "Gin",
      "quantity": "5",
      "measurement": "cl"
    },
    {
      "ingridient_name": "Limejuice",
      "quantity": "3",
      "measurement": "cl"
    },
    {
      "ingridient_name": "Sockerlag",
      "quantity": "2",
      "measurement": "cl"
    },
    {
      "ingridient_name": "Mynta",
      "quantity": "8-10",
      "measurement": "blad"
    }
  ],
  "instructions": [
    { "step": "Häll alla ingredienser i en shaker." },
    { "step": "Fyll shakern med is och skaka ordentligt så att drinken både blir kall och så att smaken från myntan kommer fram ordentligt." },
    { "step": "Sila upp i ett cocktailglas." },
    { "step": "Garnera med mynta så att man känner doften varje gång man tar en sipp." }
  ]
}