{
  "recepies": [
    {
      "id": "",
      "drink_name": "Kaffe Karlsson",
      "picture": "https://cdn-0.drinkoteket.se/wp-content/uploads/kaffe-karlsson.jpg",
      "description": "Kaffe Karlsson är en varm och god kaffedrink. Drinken passar perfekt efter maten en kall höst- eller vinterkväll.",
      "spirit": [ "Likör" ],
      "taste": "",
      "color": "",
      "ingridients": [
        {
          "ingridient_name": "Baileys",
          "quantity": "3",
          "measurement": "cl"
        },
        {
          "ingridient_name": "Cointreau",
          "quantity": "3",
          "measurement": "cl"
        },
        {
          "ingridient_name": "Kaffe",
          "quantity": "15",
          "measurement": "cl"
        },
        {
          "ingridient_name": "Grädde",
          "quantity": "",
          "measurement": ""
        }
      ],
      "instructions": [
        { "step": "Brygg kaffe." },
        { "step": "Häll Baileys och Cointreau i ett glas." },
        { "step": "Tillsätt kaffet till glaset och lämna ett par centimeter upp till kanten." },
        { "step": "Lättvispa grädde (t.ex. genom att skaka den i en shaker en liten stund). Konsistensen ska vara lös och luftig." },
        { "step": "Häll försiktigt vispgrädden på en sked över ytan så att den lägger sig ovanpå drinken." },
        { "step": "Garnera med riven choklad." }
      ]
    },
    {
      "id": "",
      "drink_name": "Fernet Cup N.1",
      "picture": "https://cdn-0.drinkoteket.se/wp-content/uploads/fernet-cup-n1.jpg",
      "description": "Fernet Cup N.1 är en uppfriskande och kryddig drink. Den liknar på många sätt en Moscow Mule eftersom båda drinkar innehåller både lime och Ginger Beer, men här finns en tydlig örtighet från Fernet-Branca som inte går att ta miste på.",
      "spirit": [ "Likör" ],
      "taste": "Fräsch",
      "color": "",
      "ingridients": [
        {
          "ingridient_name": "Fernet-Branca",
          "quantity": "4.5",
          "measurement": "cl"
        },
        {
          "ingridient_name": "Limejuice",
          "quantity": "2",
          "measurement": "cl"
        },
        {
          "ingridient_name": "Sockerlag",
          "quantity": "2",
          "measurement": "cl"
        },
        {
          "ingridient_name": "Äggvita",
          "quantity": "2",
          "measurement": "cl"
        },
        {
          "ingridient_name": "Ginger Beer",
          "quantity": "12",
          "measurement": "cl"
        }
      ],
      "instructions": [
        { "step": "Häll Fernet-Branca, limejuice, sockerlag och äggvita i en shaker." },
        { "step": "Fyll shakern med is och skaka." },
        { "step": "Fyll ett glas med krossad is och sila upp drinken över isen." },
        { "step": "Tillsätt Ginger Beer i glaset och rör om." },
        { "step": "Garnera." }
      ]
    },
    {
      "id": "",
      "drink_name": "Sloe Gin Sour",
      "picture": "https://cdn-0.drinkoteket.se/wp-content/uploads/sloe-gin-sour.jpg",
      "description": "Sloe Gin Sour är en god drink som är en lite fruktigare variant av en vanlig Gin Sour. I det här receptet byts den vanliga ginen ut mot en Sloe gin, vilket är en slånbärslikör med ginbas.",
      "spirit": [ "Likör" ],
      "taste": "Sur",
      "color": "Röd",
      "ingridients": [
        {
          "ingridient_name": "Sloe gin",
          "quantity": "5",
          "measurement": "cl"
        },
        {
          "ingridient_name": "Citronjuice",
          "quantity": "3",
          "measurement": "cl"
        },
        {
          "ingridient_name": "Sockerlag",
          "quantity": "2",
          "measurement": "cl"
        },
        {
          "ingridient_name": "Äggvita",
          "quantity": "2",
          "measurement": "cl"
        }
      ],
      "instructions": [
        { "step": "Häll alla ingredienser i en shaker." },
        { "step": "Skaka drinken utan is för att få äggvitan att skumma sig ordentligt." },
        { "step": "Tillsätt sedan is och skaka drinken kall." },
        { "step": "Sila upp i ett cocktailglas." }
      ]
    },
    {
      "id": "",
      "drink_name": "Caribbean Cooler",
      "picture": "https://cdn-0.drinkoteket.se/wp-content/uploads/caribbean-cooler.jpg",
      "description": "Caribbean Cooler är en god och uppfriskande tiki-inspirerad drink. Drinken har tydlig ingefärskaraktär från Ginger Beer och får en trevligt rund smak av mörk rom och Galliano.",
      "spirit": [ "Likör", "Rom" ],
      "taste": "Fräsch",
      "color": "",
      "ingridients": [
        {
          "ingridient_name": "Mörk rom",
          "quantity": "4",
          "measurement": "cl"
        },
        {
          "ingridient_name": "Galliano",
          "quantity": "3",
          "measurement": "cl"
        },
        {
          "ingridient_name": "Limejuice",
          "quantity": "2.5",
          "measurement": "cl"
        },
        {
          "ingridient_name": "Sockerlag",
          "quantity": "1",
          "measurement": "cl"
        },
        {
          "ingridient_name": "Ginger Beer",
          "quantity": "14",
          "measurement": "cl"
        }
      ],
      "instructions": [
        { "step": "Häll alla ingredienser förutom Ginger Beer i en shaker." },
        { "step": "Skaka med is tills drinken är kall." },
        { "step": "Sila upp i ett glas fyllt med krossad is, gärna en tiki-mugg om du har." },
        { "step": "Tillsätt Ginger Beer och rör om." },
        { "step": "Garnera förslagsvis med en myntakvist." }
      ]
    },
    {
      "id": "",
      "drink_name": "Last Word",
      "picture": "https://cdn-0.drinkoteket.se/wp-content/uploads/last-word.jpg",
      "description": "Last Word är en god och smakrik drink som sägs ha skapats under förbudstiden i USA på 1920-talet. Låt dig inte skrämmas av att merparten av drinkens ingredienser är olika spritsorter. Smaken är faktiskt förvånansvärt balanserad och njutbar.",
      "spirit": [ "Likör", "Gin" ],
      "taste": "",
      "color": "",
      "ingridients": [
        {
          "ingridient_name": "Gin",
          "quantity": "2",
          "measurement": "cl"
        },
        {
          "ingridient_name": "Grön Chartreuse",
          "quantity": "2",
          "measurement": "cl"
        },
        {
          "ingridient_name": "Maraschinolikör",
          "quantity": "2",
          "measurement": "cl"
        },
        {
          "ingridient_name": "Limejuice",
          "quantity": "2",
          "measurement": "cl"
        }
      ],
      "instructions": [
        { "step": "Häll alla ingredienser i en shaker." },
        { "step": "Fyll shakern med is." },
        { "step": "Skaka tills drinken blivit kall." },
        { "step": "Sila upp i ett cocktailglas." },
        { "step": "Garnera med lime." }
      ]
    },
    {
      "id": "",
      "drink_name": "Campari Orange",
      "picture": "https://cdn-0.drinkoteket.se/wp-content/uploads/campari-juice.jpg",
      "description": "Campari Orange eller Campari Juice som den också vanligen kallas, är en klassisk, populär och väldigt enkel drink att tillreda. Receptet består av enbart två ingredienser.",
      "spirit": [ "Likör" ],
      "taste": "Fruktig",
      "color": "Gul",
      "ingridients": [
        {
          "ingridient_name": "Campari",
          "quantity": "4",
          "measurement": "cl"
        },
        {
          "ingridient_name": "Apelsinjuice",
          "quantity": "12",
          "measurement": "cl"
        }
      ],
      "instructions": [
        { "step": "Fyll ett glas med is." },
        { "step": "Häll ner apelsinjuice." },
        { "step": "Tillsätt Campari." },
        { "step": "Om du föredrar att drinken är helt blandad, kan du nu röra om. Låt bli att röra om om du istället vill låta drinken ha en sunrise-effekt vilket kan vara trevligt när drinken serveras. Drinken blandar sig sedan allt eftersom man dricker." },
        { "step": "Garnera med apelsin." }
      ]
    },
    {
      "id": "",
      "drink_name": "Sloe Down",
      "picture": "https://cdn-0.drinkoteket.se/wp-content/uploads/sloe-down.jpg",
      "description": "Sloe Down är lite av en variant av den klassiska drinken Negroni. Istället för vanlig gin används här sloe gin, vilket är en ginbaserad slånbärslikör. Detta skapar en söt och fruktig cocktail som ändå får en tydlig beska från Campari.",
      "spirit": [ "Likör" ],
      "taste": "Fruktig",
      "color": "Röd",
      "ingridients": [
        {
          "ingridient_name": "Sloe gin",
          "quantity": "2",
          "measurement": "cl"
        },
        {
          "ingridient_name": "Campari",
          "quantity": "2",
          "measurement": "cl"
        },
        {
          "ingridient_name": "Söt Vermouth (Röd)",
          "quantity": "2",
          "measurement": "cl"
        }
      ],
      "instructions": [
        { "step": "Häll alla ingredienser i ett rörglas (eller annan lämplig behållare)." },
        { "step": "Tillsätt is." },
        { "step": "Rör om tills drinken är riktigt kall. Detta gör även att en viss mängd vatten blandas in (vilket är tanken)." },
        { "step": "Sila upp i ett cocktailglas." },
        { "step": "Garnera med apelsinzest." }
      ]
    },
    {
      "id": "",
      "drink_name": "Americano",
      "picture": "https://cdn-0.drinkoteket.se/wp-content/uploads/americano.jpg",
      "description": "Americano är en klassisk drink med mycket friskhet och viss beska. Drinken har sitt ursprung i en annan drink vid namn Milano-Torino (efter de två ingredienserna, vermouth och Camparis, härkomst) och har en historia som sträcker sig ända tillbaka till 1860-talet. Det sägs att Americano uppstod då amerikanska turister ville ha sin Milano-Torino något svagare, vilket ledde till att bartenders började tillsätta sodavatten. Enligt sägen ska Americano även i sin tur ha varit föregångare till den numera välkända drinken Negroni. Detta efter att greve Camillo Negroni ska ha beställt en Americano med gin. Nog med historia. Här nedan hittar du receptet på Americano!",
      "spirit": [ "Likör" ],
      "taste": "Fräsch",
      "color": "Röd",
      "ingridients": [
        {
          "ingridient_name": "Campari",
          "quantity": "3",
          "measurement": "cl"
        },
        {
          "ingridient_name": "Söt Vermouth (Röd)",
          "quantity": "3",
          "measurement": "cl"
        },
        {
          "ingridient_name": "Sodavatten",
          "quantity": "6",
          "measurement": "cl"
        }
      ],
      "instructions": [
        { "step": "Fyll ett glas med is." },
        { "step": "Fyll ett glas med is." },
        { "step": "Toppa med sodavatten." },
        { "step": "Rör om lite lätt." },
        { "step": "Garnera med en apelsinskiva och citronzest." }
      ]
    },
    {
      "id": "",
      "drink_name": "Alabama Slammer",
      "picture": "https://cdn-0.drinkoteket.se/wp-content/uploads/alabama-slammer.jpg",
      "description": "Alabama Slammer är en fruktig och god drink som sägs ha uppstått i början av 70-talet.",
      "spirit": [ "Likör" ],
      "taste": "Fruktig",
      "color": "Röd",
      "ingridients": [
        {
          "ingridient_name": "Sloe gin",
          "quantity": "2",
          "measurement": "cl"
        },
        {
          "ingridient_name": "Southern Comfort",
          "quantity": "2",
          "measurement": "cl"
        },
        {
          "ingridient_name": "Amaretto",
          "quantity": "2",
          "measurement": "cl"
        },
        {
          "ingridient_name": "Apelsinjuice",
          "quantity": "12",
          "measurement": "cl"
        },
        {
          "ingridient_name": "Grenadin",
          "quantity": "1",
          "measurement": "cl"
        }
      ],
      "instructions": [
        { "step": "Fyll ett highballglas med is." },
        { "step": "Tillsätt alla ingredienser och rör om." },
        { "step": "Garnera." }
      ]
    },
    {
      "id": "",
      "drink_name": "Kanelkyss",
      "picture": "https://cdn-0.drinkoteket.se/wp-content/uploads/kanelkyss.jpg",
      "description": "Kanelkyss är en julig drink med sötsyrlig kanelsmak.",
      "spirit": [ "Likör" ],
      "taste": "Söt",
      "color": "",
      "ingridients": [
        {
          "ingridient_name": "Cognac",
          "quantity": "3",
          "measurement": "cl"
        },
        {
          "ingridient_name": "Amaretto",
          "quantity": "1",
          "measurement": "cl"
        },
        {
          "ingridient_name": "Citronjuice",
          "quantity": "2",
          "measurement": "cl"
        },
        {
          "ingridient_name": "Kanelsockerlag",
          "quantity": "2",
          "measurement": "cl"
        }
      ],
      "instructions": [
        { "step": "Gör kanelsockerlag. Koka upp 1 dl strösocker, 1 dl vatten och 1,5 tsk kanel. Rör om tills sockret löst sig." },
        { "step": "Häll cognac, amaretto, citronjuice och kanelsockerlag i en shaker." },
        { "step": "Fyll shakern med is och skaka drinken kall." },
        { "step": "Sila upp i ett glas och garnera med en kanelstång." }
      ]
    },
    {
      "id": "",
      "drink_name": "Galliano Sour",
      "picture": "https://cdn-0.drinkoteket.se/wp-content/uploads/galliano-sour-1.jpg",
      "description": "Galliano Sour är en god och sötsyrlig drink som är enkel att blanda. Perfekt för dig som inte vet vad du ska göra av den där flaskan Galliano som bara står och tar plats i barskåpet.",
      "spirit": [ "Likör" ],
      "taste": "Sur",
      "color": "Gul",
      "ingridients": [
        {
          "ingridient_name": "Galliano",
          "quantity": "6",
          "measurement": "cl"
        },
        {
          "ingridient_name": "Citronjuice",
          "quantity": "4",
          "measurement": "cl"
        },
        {
          "ingridient_name": "Sockerlag",
          "quantity": "2",
          "measurement": "cl"
        },
        {
          "ingridient_name": "Äggvita",
          "quantity": "2",
          "measurement": "cl"
        }
      ],
      "instructions": [
        { "step": "Häll alla ingredienser i en shaker." },
        { "step": "Torrskaka shakern (skaka utan is för att äggvitan ska blanda och skumma sig bättre)" },
        { "step": "Fyll sedan  shakern med is och skaka igen tills drinken blivit kall." },
        { "step": "Sila upp drinken i ett glas och garnera." }
      ]
    }
  ]
}
      