{
  "recepies": [
    {
      "id": "jag är unik",
      "drink_name": "Old Fashioned",
      "picture": "https://cdn-0.drinkoteket.se/wp-content/uploads/old-fashioned-860x860.jpg",
      "description": "Old Fashioned är själva definitionen av en klassisk cocktail. Den innehåller sprit, socker, vatten och bitters, vilket är precis vad som ursprungligen avsågs med en cocktail. Drinken var länge ganska okänd i Sverige, men blev oerhört populär i och med TV-serien Mad Men. Old Fashioned är nämligen huvudkaraktären Don Drapers favoritdrink. Drinken går att göra på en mängd olika sätt, men här nedan hittar du vårt recept som är en bra utgångspunkt för dig som vill testa att göra den själv.",
      "spirits": [ "Whiskey" ],
      "taste": "",
      "color": "",
      "ingridients": [
        {
          "ingridient_name": "Whiskey",
          "quantity": "6",
          "measurement": "cl"
        },
        {
          "ingridient_name": "Sockerlag",
          "quantity": "1",
          "measurement": "cl"
        },
        {
          "ingridient_name": "Angostura Bitters",
          "quantity": "4",
          "measurement": "stänk"
        }
      ],
      "instructions": [
        { "step": "Häll sockerlag i ett rörglas, shaker eller lämplig behållare att röra drinken i. Sockerlagen i den här drinken görs lämpligen på rårörsocker och med två delar socker och en del vatten." },
        { "step": "Tillsätt därefter några stänk bitters och slutligen whiskey. Eftersom en Old Fashioned till allra största del består av whiskey är det viktigt att välja en typ av whiskey samt ett fabrikat som du själv tycker om. Vissa föredrar bourbon medan vissa hellre använder rye whiskey." },
        { "step": "Fyll behållaren med is och rör drinken tills den är riktigt kall. Det här momentet är både till för att kyla drinken, men även för att tillsätta vatten." },
        { "step": "Sila upp drinken i ett isfyllt glas (förslagsvis med en stor isbit)." },
        { "step": "Garnera sedan med en bit apelsinskal som du först klämmer ihop för att spreja citrusoljorna över drinken." }
      ]
    },

    {
      "id": "jag är unik",
      "drink_name": "Christmas Manhattan",
      "picture": "https://cdn-0.drinkoteket.se/wp-content/uploads/christmas-manhattan-1-860x860.jpg",
      "description": "Christmas Manhattan är en julig twist på den klassiska drinken Manhattan. Här byts vermouth ut mot en skvätt glögg för att bidra till julstämningen. Slutresultatet påverkas till stor del av vilken whiskey och glögg du använder, så var noga med att välja både en glögg och en whiskey som du tycker om.",
      "spirits": [ "Whiskey" ],
      "taste": "",
      "color": "Röd",
      "ingridients": [
        {
          "ingridient_name": "Whiskey",
          "quantity": "4",
          "measurement": "cl"
        },
        {
          "ingridient_name": "Glögg",
          "quantity": "2",
          "measurement": "cl"
        },
        {
          "ingridient_name": "Angostura Bitters",
          "quantity": "1",
          "measurement": "stänk"
        }
      ],
      "instructions": [
        { "step": "Häll whiskey, glögg och ett stänk bitters i ett rörglas eller annan behållare där du kan röra drinken med is." },
        { "step": "Rör drinken i ca 45 sekunder för att uppnå rätt nivå av utspädning och kyla. Smaka av så att du är nöjd med balansen." },
        { "step": "Sila upp i ett cocktailglas och garnera med russin." }
      ]
    },

    {
      "id": "jag är unik",
      "drink_name": "Manhattan",
      "picture": "https://cdn-0.drinkoteket.se/wp-content/uploads/manhattan-1-860x860.jpg",
      "description": "Manhattan är en klassisk och enkel drink för dig som gillar när spritsmaken får ta stor plats. Traditionellt sett görs Manhattan med rye whiskey, men har du inte någon sådan att tillgå, går det lika bra med bourbon. Eftersom drinken praktiskt taget endast innehåller två ingredienser, är det viktigt att välja både en whiskey och en vermouth som du själv tycker är god.",
      "spirits": [ "Whiskey", "Gin" ],
      "taste": "",
      "color": "Röd",
      "ingridients": [
        {
          "ingridient_name": "Whiskey",
          "quantity": "4",
          "measurement": "cl"
        },
        {
          "ingridient_name": "Söt Vermouth (Röd)",
          "quantity": "2",
          "measurement": "cl"
        },
        {
          "ingridient_name": "Angostura Bitters",
          "quantity": "1",
          "measurement": "stänk"
        }
      ],
      "instructions": [
        { "step": "Häll alla ingredienser i ett rörglas eller annan lämplig behållare." },
        { "step": "Rör drinken med is i ca 45 sekunder. Smaka av vid några tillfällen för att hitta en balans du själv tycker om. Att röra drinken med is både kyler och späder ut drinken med vatten och det är den perfekta nivån av utspädning man vill hitta." },
        { "step": "Sila upp i ett cocktailglas och garnera med ett maraschinokörsbär." }
      ]
    },

    {
      "id": "jag är unik",
      "drink_name": "Lynchburg Lemonade",
      "picture": "https://cdn-0.drinkoteket.se/wp-content/uploads/lynchburg-lemonade-3-860x860.jpg",
      "description": "Lynchburg Lemonade är en läskande drink som har fått sitt namn från Lynchburg, Tennessee där Jack Daniel's har sitt ursprung.",
      "spirits": [ "Whiskey", "Likör" ],
      "taste": "Fruktig",
      "color": "Gul",
      "ingridients": [
        {
          "ingridient_name": "Jack Daniel's",
          "quantity": "3",
          "measurement": "cl"
        },
        {
          "ingridient_name": "Apelsinlikör (triple sec)",
          "quantity": "3",
          "measurement": "cl"
        },
        {
          "ingridient_name": "Citronjuice",
          "quantity": "3",
          "measurement": "cl"
        },
        {
          "ingridient_name": "7 up",
          "quantity": "",
          "measurement": ""
        }
      ],
      "instructions": [
        { "step": "Fyll ett glas med is." },
        { "step": "Tillsätt alla ingredienser och fyll upp med 7 Up." },
        { "step": "Rör om och garnera med citron." }
      ]
    },

    {
      "id": "jag är unik",
      "drink_name": "Mint Julep",
      "picture": "https://cdn-0.drinkoteket.se/wp-content/uploads/mint-julep-860x860.jpg",
      "description": "Mint Julep är en klassisk drink från de södra delarna av USA. Den nämns för första gången i skrift så tidigt som 1784. Och som så ofta med drinkar som har några år (eller några hundra år) på nacken, så är de riktigt goda. När en drink har överlevt flera decennier, är det ju ofta av en anledning.",
      "spirits": [ "Whiskey" ],
      "taste": "",
      "color": "Gul",
      "ingridients": [
        {
          "ingridient_name": "Bourbon whiskey",
          "quantity": "6",
          "measurement": "cl"
        },
        {
          "ingridient_name": "Sockerlag",
          "quantity": "1",
          "measurement": "cl"
        },
        {
          "ingridient_name": "Mynta",
          "quantity": "",
          "measurement": ""
        }
      ],
      "instructions": [
        { "step": "Häll sockerlagen i glaset. Traditionellt sett används en speciell typ av metallbägare, en så kallad Julep cup, men egentligen fungerar alla sorters highballglas lika bra." },
        { "step": "Lägg ca 8 st myntablad i glaset och muddla tillsammans med sockerlagen." },
        { "step": "Tillsätt whiskey och fyll upp glaset med krossad is." },
        { "step": "Rör om ordentligt." },
        { "step": "Addera ytterligare is så att det bildas en liten topp över glasets kant." },
        { "step": "Garnera med en rejäl kvist mynta och sätt i ett sugrör i glaset." }
      ]
    }


  ]
}
